arm,bg_bound_ok,bg_max_abs_err,bg_psnr_db,bin_factor,cmp_gbs,compressed_bytes,cr,dataset,dec_gbs,eb_bg,eb_roi,frame,global_max_abs_err,global_psnr_db,half_width,npeaks,roi_bound_ok,roi_frac_pct,roi_max_abs_err,roi_pixels,roi_psnr_db,status,tuning,value_range
roibin_b1,1,49.99998474121094,50.57021426491663,1,86.067146,776688,11.829511979070103,EXAFEL,87.350164,50.0,10.0,exafel_f000,49.99998474121094,50.586058246617014,4,108,1,0.37967574533296183,9.997665405273438,8721,64.45563595181176,ok,,8963.193359375
roibin_b2,n/a,2137.54150390625,45.641444934665245,2,111.98128,162848,56.41972882688151,EXAFEL,99.487176,50.0,10.0,exafel_f000,2137.54150390625,45.65774794484972,4,108,1,0.37967574533296183,9.997665405273438,8721,64.45563595181176,ok,,8963.193359375
cuszhi,1,9.999996185302734,63.84592930131675,1,27.173552350221964,1066504,8.614913774350589,EXAFEL,29.850808338098457,50.0,10.0,exafel_f000,9.999996185302734,63.845930901534885,4,108,1,0.37967574533296183,9.994696855545044,8721,63.84635079136871,ok,spline/cr-first/cr,8963.193359375
pfpl,1,9.999984741210938,64.83178648402334,1,177.07061362935553,1247861,7.362871345446328,EXAFEL,159.24570160843038,50.0,10.0,exafel_f000,9.999984741210938,64.83029491546989,4,108,1,0.37967574533296183,9.997665405273438,8721,64.45563595181176,ok,,8963.193359375
cuszp3,1,9.999984741210938,64.83178648402334,1,137.05013,1323696,6.941049908740376,EXAFEL,136.91942,50.0,10.0,exafel_f000,9.999984741210938,64.83029491546989,4,108,1,0.37967574533296183,9.997665405273438,8721,64.45563595181176,ok,,8963.193359375
roibin_b1,1,50.0,52.80303237660783,1,87.91182,845072,10.872257038453528,EXAFEL,95.262113,50.0,10.0,exafel_f001,50.0,52.81300053840573,4,68,1,0.23901156310950125,9.998992919921875,5490,66.69745879791057,ok,,12237.861328125
roibin_b2,n/a,3740.4931640625,46.7476382921806,2,115.17048,181472,50.62951860342091,EXAFEL,106.10495,50.0,10.0,exafel_f001,3740.4931640625,46.75792559913412,4,68,1,0.23901156310950125,9.998992919921875,5490,66.69745879791057,ok,,12237.861328125
cuszhi,1,9.999987602233887,66.53637620922768,1,26.793775033937525,1171025,7.845981084946948,EXAFEL,30.205670401346588,50.0,10.0,exafel_f001,9.999987602233887,66.5364223000752,4,68,1,0.23901156310950125,9.99908447265625,5490,66.55570298721969,ok,spline/cr-first/cr,12237.861328125
pfpl,1,10.0,67.04594218609664,1,177.6183111660996,1368753,6.712562456484114,EXAFEL,162.72031737035988,50.0,10.0,exafel_f001,10.0,67.04507502794957,4,68,1,0.23901156310950125,9.998992919921875,5490,66.69745879791057,ok,,12237.861328125
cuszp3,1,10.0,67.04594218609664,1,139.51409,1407632,6.527160507860009,EXAFEL,135.94697,50.0,10.0,exafel_f001,10.0,67.04507502794957,4,68,1,0.23901156310950125,9.998992919921875,5490,66.69745879791057,ok,,12237.861328125
roibin_b1,1,49.999969482421875,51.38027446145209,1,86.927036,984144,9.335869547545888,EXAFEL,95.642903,50.0,10.0,exafel_f002,49.999969482421875,51.38344978568318,4,22,1,0.07610058512120367,9.99664306640625,1748,65.40450200538336,ok,,10702.7490234375
roibin_b2,n/a,1578.022705078125,42.83609373794771,2,115.35556,208016,44.168910083839705,EXAFEL,109.88136,50.0,10.0,exafel_f002,1578.022705078125,42.8393816937142,4,22,1,0.07610058512120367,9.99664306640625,1748,65.40450200538336,ok,,10702.7490234375
cuszhi,1,10.0,65.36163513080488,1,27.222181071543915,1331257,6.901627559517058,EXAFEL,28.65898088536208,50.0,10.0,exafel_f002,10.0,65.36167837421608,4,22,1,0.07610058512120367,9.991592407226562,1748,65.41883388714847,ok,spline/cr-first/cr,10702.7490234375
pfpl,1,10.0,65.49991659538827,1,176.4720344191764,1533981,5.9895396357582005,EXAFEL,161.3486934532172,50.0,10.0,exafel_f002,10.0,65.49984318144064,4,22,1,0.07610058512120367,9.99664306640625,1748,65.40450200538336,ok,,10702.7490234375
cuszp3,1,10.0,65.49991659538827,1,134.29373,1578272,5.82145536384096,EXAFEL,133.23433,50.0,10.0,exafel_f002,10.0,65.49984318144064,4,22,1,0.07610058512120367,9.99664306640625,1748,65.40450200538336,ok,,10702.7490234375
roibin_b1,1,49.99998092651367,54.22944610749288,1,85.96407,979616,9.379021984124392,EXAFEL,87.006061,50.0,10.0,exafel_f003,49.99998092651367,54.23475443346935,4,36,1,0.12695040401225968,9.998779296875,2916,68.45667806788543,ok,,14852.6728515625
roibin_b2,n/a,2545.838623046875,45.78881490654037,2,116.90553,208192,44.13157085766984,EXAFEL,103.61603,50.0,10.0,exafel_f003,2545.838623046875,45.79430192877295,4,36,1,0.12695040401225968,9.998779296875,2916,68.45667806788543,ok,,14852.6728515625
cuszhi,1,10.0,68.21411851289567,1,27.266816140170732,1323900,6.93998036105446,EXAFEL,28.988843454995205,50.0,10.0,exafel_f003,10.0,68.21408130775136,4,36,1,0.12695040401225968,9.998273849487305,2916,68.18490999490845,ok,spline/cr-first/cr,14852.6728515625
pfpl,1,9.999984741210938,68.35732366831168,1,178.61275272161743,1527492,6.014984039196277,EXAFEL,162.0316027088036,50.0,10.0,exafel_f003,9.999984741210938,68.35744836909343,4,36,1,0.12695040401225968,9.998779296875,2916,68.45667806788543,ok,,14852.6728515625
cuszp3,1,9.999984741210938,68.35732366831168,1,139.31101,1571392,5.846943347045167,EXAFEL,129.50835,50.0,10.0,exafel_f003,9.999984741210938,68.35744836909343,4,36,1,0.12695040401225968,9.998779296875,2916,68.45667806788543,ok,,14852.6728515625
roibin_b1,1,49.99998092651367,54.309263552256944,1,87.323604,948464,9.687072993808938,EXAFEL,90.717223,50.0,10.0,exafel_f004,49.99998092651367,54.320308942230625,4,75,1,0.2644800083588743,9.999473571777344,6075,68.3322119660765,ok,,14945.138671875
roibin_b2,n/a,7909.451171875,46.46168154360368,2,116.85795,203504,45.14820347511597,EXAFEL,102.61616,50.0,10.0,exafel_f004,7909.451171875,46.47310811707052,4,75,1,0.2644800083588743,9.999473571777344,6075,68.3322119660765,ok,,14945.138671875
cuszhi,1,10.0,68.26321255675349,1,26.871079161097676,1292356,7.10937234012919,EXAFEL,29.312914752424707,50.0,10.0,exafel_f004,10.0,68.26311331440809,4,75,1,0.2644800083588743,9.998302459716797,6075,68.22584973644307,ok,spline/cr-first/cr,14945.138671875
pfpl,1,9.999980926513672,68.47091417949551,1,176.25537139349294,1488251,6.173582278795714,EXAFEL,162.26052557219555,50.0,10.0,exafel_f004,9.999980926513672,68.47054143505714,4,75,1,0.2644800083588743,9.999473571777344,6075,68.3322119660765,ok,,14945.138671875
cuszp3,1,9.999980926513672,68.47091417949551,1,137.90586,1530080,6.0048102060023005,EXAFEL,132.43543,50.0,10.0,exafel_f004,9.999980926513672,68.47054143505714,4,75,1,0.2644800083588743,9.999473571777344,6075,68.3322119660765,ok,,14945.138671875
roibin_b1,1,50.0,55.05488447473819,1,87.91182,1024192,8.97081797163032,EXAFEL,90.204209,50.0,10.0,exafel_f005,50.0,55.10711486633667,4,355,1,1.24477570353859,9.999908447265625,28592,69.07473594000592,ok,,16327.5634765625
roibin_b2,n/a,7290.1904296875,46.453416631218225,2,119.18639,245696,37.3951549882782,EXAFEL,100.63792,50.0,10.0,exafel_f005,7290.1904296875,46.50751649145637,4,355,1,1.24477570353859,9.999908447265625,28592,69.07473594000592,ok,,16327.5634765625
cuszhi,1,9.999990224838257,69.0294346556363,1,26.338112956582062,1337305,6.870414752057309,EXAFEL,27.94627214327429,50.0,10.0,exafel_f005,9.999990224838257,69.029513161345,4,355,1,1.24477570353859,9.999801635742188,28592,69.03574599799718,ok,spline/cr-first/cr,16327.5634765625
pfpl,1,10.0,69.16891059255356,1,179.17004680187208,1541153,5.9616663627816315,EXAFEL,158.36734693877554,50.0,10.0,exafel_f005,10.0,69.16772568866602,4,355,1,1.24477570353859,9.999908447265625,28592,69.07473594000592,ok,,16327.5634765625
cuszp3,1,10.0,69.16891059255356,1,134.04295,1586976,5.789526747726494,EXAFEL,132.86442,50.0,10.0,exafel_f005,10.0,69.16772568866602,4,355,1,1.24477570353859,9.999908447265625,28592,69.07473594000592,ok,,16327.5634765625
roibin_b1,1,49.999996185302734,47.304764918822386,1,85.656327,579008,15.86824361666851,EXAFEL,91.673049,50.0,10.0,exafel_f006,49.999996185302734,47.311158323663626,4,44,1,0.15516160490387296,9.99441146850586,3564,60.15123823425362,ok,,4823.81396484375
roibin_b2,n/a,462.16107177734375,44.15805102390259,2,118.2537,88928,103.3177401943145,EXAFEL,106.02659,50.0,10.0,exafel_f006,462.16107177734375,44.164625048622696,4,44,1,0.15516160490387296,9.99441146850586,3564,60.15123823425362,ok,,4823.81396484375
cuszhi,1,9.999988555908203,58.661498381043245,1,28.225983840742224,842712,10.902704601334738,EXAFEL,33.62257743427601,50.0,10.0,exafel_f006,9.999988555908203,58.661232059093706,4,44,1,0.15516160490387296,9.999705910682678,3564,58.49315666868348,ok,spline/cr-first/cr,4823.81396484375
pfpl,1,9.999996185302734,60.86986236878157,1,177.67326732673268,949620,9.675280638571218,EXAFEL,164.35031482541498,50.0,10.0,exafel_f006,9.999996185302734,60.868649951850614,4,44,1,0.15516160490387296,9.99441146850586,3564,60.15123823425362,ok,,4823.81396484375
cuszp3,1,9.999996185302734,60.86986236878157,1,139.51409,1136464,8.084585169437835,EXAFEL,135.24257,50.0,10.0,exafel_f006,9.999996185302734,60.868649951850614,4,44,1,0.15516160490387296,9.99441146850586,3564,60.15123823425362,ok,,4823.81396484375
roibin_b1,1,49.9999885559082,54.719199112137375,1,89.1677,1010240,9.0947101678809,EXAFEL,93.493973,50.0,10.0,exafel_f007,49.9999885559082,54.7263805238344,4,49,1,0.1720970325996099,9.996917724609375,3953,68.70385305194213,ok,,15725.0302734375
roibin_b2,n/a,2437.843505859375,45.646568646259794,2,115.63431,219024,41.94901015413836,EXAFEL,107.77778,50.0,10.0,exafel_f007,2437.843505859375,45.65401213228952,4,49,1,0.1720970325996099,9.996917724609375,3953,68.70385305194213,ok,,15725.0302734375
cuszhi,1,10.0,68.7027802527867,1,27.05265761362432,1360556,6.753003918986062,EXAFEL,28.664703239654564,50.0,10.0,exafel_f007,10.0,68.70276344712317,4,49,1,0.1720970325996099,9.998825073242188,3953,68.69302597056814,ok,spline/cr-first/cr,15725.0302734375
pfpl,1,9.999992370605469,68.80984686110415,1,176.09322293774915,1563948,5.8747733300595675,EXAFEL,161.80332488024794,50.0,10.0,exafel_f007,9.999992370605469,68.80966220863542,4,49,1,0.1720970325996099,9.996917724609375,3953,68.70385305194213,ok,,15725.0302734375
cuszp3,1,9.999992370605469,68.80984686110415,1,137.31228,1605312,5.723398317585616,EXAFEL,135.62588,50.0,10.0,exafel_f007,9.999992370605469,68.80966220863542,4,49,1,0.1720970325996099,9.996917724609375,3953,68.70385305194213,ok,,15725.0302734375
roibin_b1,1,49.99993896484375,54.77828566087939,1,83.708454,1027024,8.946081104239044,EXAFEL,89.1677,50.0,10.0,exafel_f008,49.99993896484375,54.78079184489508,4,17,1,0.05994880189467819,9.965850830078125,1377,69.01802508213382,ok,,15847.154296875
roibin_b2,n/a,1592.660888671875,45.2525822264501,2,110.26114,222576,41.2795629358062,EXAFEL,102.25071,50.0,10.0,exafel_f008,1592.660888671875,45.25517560391514,4,17,1,0.05994880189467819,9.965850830078125,1377,69.01802508213382,ok,,15847.154296875
cuszhi,1,10.0,68.7701033917963,1,27.232791365264546,1389347,6.613063547119618,EXAFEL,28.80417335473515,50.0,10.0,exafel_f008,10.0,68.77004262099035,4,17,1,0.05994880189467819,9.9910888671875,1377,68.66989650985809,ok,spline/cr-first/cr,15847.154296875
pfpl,1,10.0,68.84694966251921,1,149.26956069664672,1587845,5.786358240256448,EXAFEL,160.8966096945923,50.0,10.0,exafel_f008,10.0,68.84705022765806,4,17,1,0.05994880189467819,9.965850830078125,1377,69.01802508213382,ok,,15847.154296875
cuszp3,1,10.0,68.84694966251921,1,135.68998,1627024,5.647021801768136,EXAFEL,134.41948,50.0,10.0,exafel_f008,10.0,68.84705022765806,4,17,1,0.05994880189467819,9.965850830078125,1377,69.01802508213382,ok,,15847.154296875
roibin_b1,1,49.999969482421875,54.78111871229872,1,83.610948,999232,9.194901684493692,EXAFEL,89.612985,50.0,10.0,exafel_f009,49.999969482421875,54.81297190141392,4,217,1,0.7607011005851212,9.9998779296875,17473,68.83110770201128,ok,,15828.1748046875
roibin_b2,n/a,8273.2705078125,46.288721180332445,2,112.99488,227440,40.39676398170946,EXAFEL,107.33457,50.0,10.0,exafel_f009,8273.2705078125,46.321698924379085,4,217,1,0.7607011005851212,9.9998779296875,17473,68.83110770201128,ok,,15828.1748046875
cuszhi,1,10.0,68.7629207131775,1,26.535316296485625,1331084,6.902524558930916,EXAFEL,28.05687203791469,50.0,10.0,exafel_f009,10.0,68.76311495739182,4,217,1,0.7607011005851212,9.998260498046875,17473,68.78853039543107,ok,spline/cr-first/cr,15828.1748046875
pfpl,1,9.999969482421875,68.914001011644,1,178.22470515207945,1527757,6.0139406986844115,EXAFEL,162.1688788477831,50.0,10.0,exafel_f009,9.999969482421875,68.91336443169826,4,217,1,0.7607011005851212,9.9998779296875,17473,68.83110770201128,ok,,15828.1748046875
cuszp3,1,9.999969482421875,68.914001011644,1,136.14035,1574016,5.83719606408067,EXAFEL,134.41948,50.0,10.0,exafel_f009,9.999969482421875,68.91336443169826,4,217,1,0.7607011005851212,9.9998779296875,17473,68.83110770201128,ok,,15828.1748046875
roibin_b1,1,49.999969482421875,51.85336054451326,1,83.343979,1016880,9.035323735347337,EXAFEL,89.809199,50.0,10.0,exafel_f010,49.999969482421875,51.855717640334234,4,16,1,0.05642240178322653,9.981903076171875,1296,66.01733006143414,ok,,11307.9609375
roibin_b2,n/a,2010.32666015625,42.58340108144892,2,114.848,217824,42.18010871162039,EXAFEL,105.75322,50.0,10.0,exafel_f010,2010.32666015625,42.58584104721131,4,16,1,0.05642240178322653,9.981903076171875,1296,66.01733006143414,ok,,11307.9609375
cuszhi,1,10.0,65.84168243785996,1,27.404750577529086,1376305,6.675729580289253,EXAFEL,28.620414673046252,50.0,10.0,exafel_f010,10.0,65.84180697966805,4,16,1,0.05642240178322653,9.98052978515625,1296,66.06821721055577,ok,spline/cr-first/cr,11307.9609375
pfpl,1,9.999977111816406,65.93545869239279,1,176.30948725821307,1575238,5.832667825433363,EXAFEL,137.80657547396208,50.0,10.0,exafel_f010,9.999977111816406,65.93550445373691,4,16,1,0.05642240178322653,9.981903076171875,1296,66.01733006143414,ok,,11307.9609375
cuszp3,1,9.999977111816406,65.93545869239279,1,137.50957,1615168,5.688473273368467,EXAFEL,136.33428,50.0,10.0,exafel_f010,9.999977111816406,65.93550445373691,4,16,1,0.05642240178322653,9.981903076171875,1296,66.01733006143414,ok,,11307.9609375
roibin_b1,1,49.99998474121094,55.02323263581959,1,88.100647,1042416,8.813985971051864,EXAFEL,92.500003,50.0,10.0,exafel_f011,49.99998474121094,55.04824136380272,4,170,1,0.5979207300083589,9.99652099609375,13734,69.03700070122848,ok,,16301.8876953125
roibin_b2,n/a,4217.87744140625,45.589405327183485,2,115.77419,239664,38.336337539221574,EXAFEL,101.02745,50.0,10.0,exafel_f011,4217.87744140625,45.6153325328787,4,170,1,0.5979207300083589,9.99652099609375,13734,69.03700070122848,ok,,16301.8876953125
cuszhi,1,10.0,69.01848101062988,1,26.2494339617251,1388236,6.618355956768157,EXAFEL,27.883849664950958,50.0,10.0,exafel_f011,10.0,69.01840411490984,4,170,1,0.5979207300083589,9.999980926513672,13734,69.00563938034409,ok,spline/cr-first/cr,16301.8876953125
pfpl,1,9.999984741210938,69.09659926800933,1,176.58056580565807,1586852,5.7899791536954925,EXAFEL,162.44413012729845,50.0,10.0,exafel_f011,9.999984741210938,69.09624047429746,4,170,1,0.5979207300083589,9.99652099609375,13734,69.03700070122848,ok,,16301.8876953125
cuszp3,1,9.999984741210938,69.09659926800933,1,138.10486,1627600,5.645023347259769,EXAFEL,136.14035,50.0,10.0,exafel_f011,9.999984741210938,69.09624047429746,4,170,1,0.5979207300083589,9.99652099609375,13734,69.03700070122848,ok,,16301.8876953125
roibin_b1,1,50.0,55.0055976095572,1,86.429864,1075488,8.542949805111727,EXAFEL,91.439493,50.0,10.0,exafel_f012,50.0,55.04437109105197,4,264,1,0.9257453329618278,9.999755859375,21264,68.99713317780939,ok,,16267.1318359375
roibin_b2,n/a,10387.6748046875,44.91667533055272,2,112.99488,257888,35.62724903834223,EXAFEL,96.316669,50.0,10.0,exafel_f012,10387.6748046875,44.956908607514116,4,264,1,0.9257453329618278,9.999755859375,21264,68.99713317780939,ok,,16267.1318359375
cuszhi,1,10.0,68.99453442022394,1,26.136865342163354,1415533,6.490728227459197,EXAFEL,27.39433260185097,50.0,10.0,exafel_f012,10.0,68.99478263496664,4,264,1,0.9257453329618278,9.99981689453125,21264,69.02142918033232,ok,spline/cr-first/cr,16267.1318359375
pfpl,1,10.0,69.05149881106748,1,175.71603427172582,1616198,5.684848019858953,EXAFEL,162.44413012729845,50.0,10.0,exafel_f012,10.0,69.0509923899836,4,264,1,0.9257453329618278,9.999755859375,21264,68.99713317780939,ok,,16267.1318359375
cuszp3,1,10.0,69.05149881106748,1,135.3701,1656176,5.547622957946499,EXAFEL,129.21693,50.0,10.0,exafel_f012,10.0,69.0509923899836,4,264,1,0.9257453329618278,9.999755859375,21264,68.99713317780939,ok,,16267.1318359375
roibin_b1,1,49.99993896484375,52.87689546400242,1,84.946748,1137424,8.077761679022071,EXAFEL,89.668959,50.0,10.0,exafel_f013,49.99993896484375,52.88234056310243,4,37,1,0.13047680412371132,9.9931640625,2997,66.89117061914797,ok,,12721.2431640625
roibin_b2,n/a,5725.7919921875,40.82696868921067,2,113.30703,268816,34.17891792155229,EXAFEL,101.31263,50.0,10.0,exafel_f013,5725.7919921875,40.8326248816668,4,37,1,0.13047680412371132,9.9931640625,2997,66.89117061914797,ok,,12721.2431640625
cuszhi,1,10.0,66.85579543431717,1,26.522524186925278,1504384,6.107376839955756,EXAFEL,27.417876241405658,50.0,10.0,exafel_f013,10.0,66.85569737545387,4,37,1,0.13047680412371132,9.999417304992676,2997,66.7812832132364,ok,spline/cr-first/cr,12721.2431640625
pfpl,1,10.0,66.86756583078224,1,175.87748851454825,1715662,5.355273940904444,EXAFEL,154.28264373992477,50.0,10.0,exafel_f013,10.0,66.86759654611697,4,37,1,0.13047680412371132,9.9931640625,2997,66.89117061914797,ok,,12721.2431640625
cuszp3,1,10.0,66.86756583078224,1,136.07583,1758976,5.223402707029544,EXAFEL,133.4821,50.0,10.0,exafel_f013,10.0,66.86759654611697,4,37,1,0.13047680412371132,9.9931640625,2997,66.89117061914797,ok,,12721.2431640625
roibin_b1,1,50.0,54.93784523035376,1,85.477822,1077232,8.529119075556611,EXAFEL,87.643467,50.0,10.0,exafel_f014,50.0,54.95815170364896,4,138,1,0.4858595709111173,9.998046875,11160,68.93004967553038,ok,,16127.595703125
roibin_b2,n/a,5497.1083984375,44.54205775580174,2,114.29936,251024,36.60144049971318,EXAFEL,99.659839,50.0,10.0,exafel_f014,5497.1083984375,44.563132596970036,4,138,1,0.4858595709111173,9.998046875,11160,68.93004967553038,ok,,16127.595703125
cuszhi,1,10.000015258789062,68.92564367428912,1,26.32671715478534,1431087,6.420182700283071,EXAFEL,27.829795483183094,50.0,10.0,exafel_f014,10.000015258789062,68.92556031862148,4,138,1,0.4858595709111173,9.999954223632812,11160,68.908520979172,ok,spline/cr-first/cr,16127.595703125
pfpl,1,10.0,68.96352154022799,1,176.41781874039938,1635882,5.616444217859234,EXAFEL,161.0771388499299,50.0,10.0,exafel_f014,10.0,68.96335828872996,4,138,1,0.4858595709111173,9.998046875,11160,68.93004967553038,ok,,16127.595703125
cuszp3,1,10.0,68.96352154022799,1,134.73487,1671136,5.497960668670892,EXAFEL,136.01137,50.0,10.0,exafel_f014,10.0,68.96335828872996,4,138,1,0.4858595709111173,9.998046875,11160,68.93004967553038,ok,,16127.595703125
roibin_b1,1,49.999908447265625,54.84859779524644,1,87.403346,1042944,8.80952380952381,EXAFEL,91.996155,50.0,10.0,exafel_f015,49.999908447265625,54.8597898433147,4,76,1,0.268006408470326,9.998291015625,6156,68.86399957195201,ok,,15968.935546875
roibin_b2,n/a,7664.4775390625,45.09948674393,2,112.81729,232096,39.586378050461875,EXAFEL,102.03269,50.0,10.0,exafel_f015,7664.4775390625,45.11109268916105,4,76,1,0.268006408470326,9.998291015625,6156,68.86399957195201,ok,,15968.935546875
cuszhi,1,10.0,68.83759775815716,1,26.907160187955117,1397981,6.57222093862506,EXAFEL,28.554947787170562,50.0,10.0,exafel_f015,10.0,68.83737683729699,4,76,1,0.268006408470326,9.999603271484375,6156,68.75593704668428,ok,spline/cr-first/cr,15968.935546875
pfpl,1,10.0,68.90269454708091,1,176.36363636363637,1598211,5.748827908204862,EXAFEL,162.49009620826257,50.0,10.0,exafel_f015,10.0,68.90259037994399,4,76,1,0.268006408470326,9.998291015625,6156,68.86399957195201,ok,,15968.935546875
cuszp3,1,10.0,68.90269454708091,1,134.98825,1638208,5.608469742547955,EXAFEL,133.11081,50.0,10.0,exafel_f015,10.0,68.90259037994399,4,76,1,0.268006408470326,9.998291015625,6156,68.86399957195201,ok,,15968.935546875
roibin_b1,1,49.99993896484375,55.031481510133425,1,88.809157,1138528,8.069928890637735,EXAFEL,89.978061,50.0,10.0,exafel_f016,49.99993896484375,55.06930090635268,4,256,1,0.9027584285316245,9.9998779296875,20736,69.05864952147755,ok,,16282.23046875
roibin_b2,n/a,8991.35546875,43.44854181403086,2,118.05922,284896,32.249803437043695,EXAFEL,104.97989,50.0,10.0,exafel_f016,8991.35546875,43.48781744370296,4,256,1,0.9027584285316245,9.9998779296875,20736,69.05864952147755,ok,,16282.23046875
cuszhi,1,10.0,69.00279074300977,1,26.267069389668812,1481940,6.199873139263398,EXAFEL,26.890189651135564,50.0,10.0,exafel_f016,10.0,69.00266092014279,4,256,1,0.9027584285316245,9.999664306640625,20736,68.98843359822494,ok,spline/cr-first/cr,16282.23046875
pfpl,1,9.99993896484375,69.02229656699325,1,176.14723926380367,1693486,5.425400623329629,EXAFEL,160.4918949133594,50.0,10.0,exafel_f016,9.99993896484375,69.02262338894988,4,256,1,0.9027584285316245,9.9998779296875,20736,69.05864952147755,ok,,16282.23046875
cuszp3,1,9.99993896484375,69.02229656699325,1,132.37437,1731872,5.305149572254763,EXAFEL,132.43543,50.0,10.0,exafel_f016,9.99993896484375,69.02262338894988,4,256,1,0.9027584285316245,9.9998779296875,20736,69.05864952147755,ok,,16282.23046875
roibin_b1,1,49.9999885559082,54.98109094712951,1,88.919173,995344,9.230818691829157,EXAFEL,85.886926,50.0,10.0,exafel_f017,49.9999885559082,55.00507682977483,4,163,1,0.573627751462803,9.998764038085938,13176,68.97762960567414,ok,,16194.9248046875
roibin_b2,n/a,5875.91650390625,46.426812118719376,2,117.19184,222480,41.29737504494786,EXAFEL,102.72629,50.0,10.0,exafel_f017,5875.91650390625,46.45165692261272,4,163,1,0.573627751462803,9.998764038085938,13176,68.97762960567414,ok,,16194.9248046875
cuszhi,1,10.0,68.95863704720364,1,26.370353787360205,1327734,6.919940289244683,EXAFEL,28.071959327336717,50.0,10.0,exafel_f017,10.0,68.9588060225004,4,163,1,0.573627751462803,9.99908447265625,13176,68.98819413430705,ok,spline/cr-first/cr,16194.9248046875
pfpl,1,10.0,69.10391477682151,1,177.3988260735249,1530457,6.003331031188724,EXAFEL,138.47118398842537,50.0,10.0,exafel_f017,10.0,69.10317979716136,4,163,1,0.573627751462803,9.998764038085938,13176,68.97762960567414,ok,,16194.9248046875
cuszp3,1,10.0,69.10391477682151,1,134.54546,1575120,5.833104779318401,EXAFEL,136.85415,50.0,10.0,exafel_f017,10.0,69.10317979716136,4,163,1,0.573627751462803,9.998764038085938,13176,68.97762960567414,ok,,16194.9248046875
roibin_b1,1,49.99998092651367,54.462427598576454,1,86.979703,914672,10.044956006087428,EXAFEL,86.351881,50.0,10.0,exafel_f018,49.99998092651367,54.476656560029404,4,97,1,0.3408853441069936,9.99713134765625,7830,68.39364520429064,ok,,15125.8369140625
roibin_b2,n/a,8928.609375,47.22297675470195,2,119.335,197840,46.44076021027092,EXAFEL,102.21431,50.0,10.0,exafel_f018,8928.609375,47.23769305807106,4,97,1,0.3408853441069936,9.99713134765625,7830,68.39364520429064,ok,,15125.8369140625
cuszhi,1,9.999984741210938,68.36611346781093,1,26.41292036314086,1252750,7.334136898822591,EXAFEL,28.637542389786557,50.0,10.0,exafel_f018,9.999984741210938,68.36617302788108,4,97,1,0.3408853441069936,9.999931335449219,7830,68.38362075932746,ok,spline/cr-first/cr,15125.8369140625
pfpl,1,9.999980926513672,68.65052689197415,1,176.52628343067937,1449233,6.339794912205284,EXAFEL,161.48481439820023,50.0,10.0,exafel_f018,9.999980926513672,68.64962489772756,4,97,1,0.3408853441069936,9.99713134765625,7830,68.39364520429064,ok,,15125.8369140625
cuszp3,1,9.999980926513672,68.65052689197415,1,136.46388,1485264,6.185997910135841,EXAFEL,133.23433,50.0,10.0,exafel_f018,9.999980926513672,68.64962489772756,4,97,1,0.3408853441069936,9.99713134765625,7830,68.39364520429064,ok,,15125.8369140625
roibin_b1,1,49.999969482421875,54.82182197286258,1,88.836636,1044608,8.79549074868276,EXAFEL,88.073622,50.0,10.0,exafel_f019,49.999969482421875,54.82741211701359,4,38,1,0.134003204235163,9.999992370605469,3078,68.79469971127472,ok,,15928.9931640625
roibin_b2,n/a,8417.7744140625,44.9072402138803,2,117.14402,231152,39.74804457672873,EXAFEL,98.295108,50.0,10.0,exafel_f019,8417.7744140625,44.91303999321841,4,38,1,0.134003204235163,9.999992370605469,3078,68.79469971127472,ok,,15928.9931640625
cuszhi,1,10.0,68.81444269511418,1,26.538535415899425,1406585,6.532019039020038,EXAFEL,28.67472286028163,50.0,10.0,exafel_f019,10.0,68.8143147357122,4,38,1,0.134003204235163,9.9932861328125,3078,68.71998615584579,ok,spline/cr-first/cr,15928.9931640625
pfpl,1,10.0,68.87506958377543,1,175.0731707317073,1607971,5.713933895573987,EXAFEL,161.2128017967434,50.0,10.0,exafel_f019,10.0,68.87496088423241,4,38,1,0.134003204235163,9.999992370605469,3078,68.79469971127472,ok,,15928.9931640625
cuszp3,1,10.0,68.87506958377543,1,134.16822,1644592,5.5866987070349365,EXAFEL,129.91855,50.0,10.0,exafel_f019,10.0,68.87496088423241,4,38,1,0.134003204235163,9.999992370605469,3078,68.79469971127472,ok,,15928.9931640625
roibin_b1,1,50.0,50.493315351328405,1,87.270519,1003536,9.155466271264808,EXAFEL,93.009395,50.0,10.0,exafel_f020,50.0,50.49640371550988,4,21,1,0.07405440234048481,9.994003295898438,1701,64.46496398025991,ok,,9667.5576171875
roibin_b2,n/a,3318.78662109375,41.52654336090435,2,111.58958,214080,42.91778774289985,EXAFEL,105.87021,50.0,10.0,exafel_f020,3318.78662109375,41.52974433301134,4,21,1,0.07405440234048481,9.994003295898438,1701,64.46496398025991,ok,,9667.5576171875
cuszhi,1,10.0,64.47579577075832,1,27.337602056604222,1360004,6.7557448360446,EXAFEL,28.73642596206776,50.0,10.0,exafel_f020,10.0,64.47576985919555,4,21,1,0.07405440234048481,9.997589111328125,1701,64.44094596468454,ok,spline/cr-first/cr,9667.5576171875
pfpl,1,10.0,64.59180251192811,1,177.07061362935553,1557726,5.898238843031445,EXAFEL,161.0771388499299,50.0,10.0,exafel_f020,10.0,64.59170719836986,4,21,1,0.07405440234048481,9.994003295898438,1701,64.46496398025991,ok,,9667.5576171875
cuszp3,1,10.0,64.59180251192811,1,136.01137,1599536,5.744065779075932,EXAFEL,135.3701,50.0,10.0,exafel_f020,10.0,64.59170719836986,4,21,1,0.07405440234048481,9.994003295898438,1701,64.46496398025991,ok,,9667.5576171875
roibin_b1,1,50.00001525878906,54.917866235726834,1,85.758659,1040544,8.82984285143156,EXAFEL,87.032435,50.0,10.0,exafel_f021,50.00001525878906,54.93804134549987,4,138,1,0.4827249930342714,9.99908447265625,11088,68.9098161036163,ok,,16104.75
roibin_b2,n/a,4167.38818359375,45.40945866547858,2,114.80208,234704,39.14649942054673,EXAFEL,103.57865,50.0,10.0,exafel_f021,4167.38818359375,45.430379819009445,4,138,1,0.4827249930342714,9.99908447265625,11088,68.9098161036163,ok,,16104.75
cuszhi,1,10.0,68.90550251231885,1,26.308398905038427,1390312,6.608473493719395,EXAFEL,28.59760956175299,50.0,10.0,exafel_f021,10.0,68.90561128180123,4,138,1,0.4827249930342714,9.998809814453125,11088,68.92809327466566,ok,spline/cr-first/cr,16104.75
pfpl,1,10.0,68.99138802038783,1,177.34403953057443,1588146,5.785261556557143,EXAFEL,161.12233445566778,50.0,10.0,exafel_f021,10.0,68.99099054928628,4,138,1,0.4827249930342714,9.99908447265625,11088,68.9098161036163,ok,,16104.75
cuszp3,1,10.0,68.99138802038783,1,135.75413,1629296,5.63914721450246,EXAFEL,134.41948,50.0,10.0,exafel_f021,10.0,68.99099054928628,4,138,1,0.4827249930342714,9.99908447265625,11088,68.9098161036163,ok,,16104.75
roibin_b1,1,49.999996185302734,52.08140372645598,1,87.616722,957280,9.597860605047636,EXAFEL,85.784282,50.0,10.0,exafel_f022,49.999996185302734,52.08360912320266,4,15,1,0.05289600167177487,9.994632720947266,1215,66.03641317200135,ok,,11589.408203125
roibin_b2,n/a,1641.224609375,43.999748799858445,2,110.04982,201216,45.661577608142494,EXAFEL,109.96553,50.0,10.0,exafel_f022,1641.224609375,44.002032271451114,4,15,1,0.05289600167177487,9.994632720947266,1215,66.03641317200135,ok,,11589.408203125
cuszhi,1,10.000007629394531,66.05502956121947,1,27.49504359392932,1310066,7.013264980542965,EXAFEL,28.60758232451552,50.0,10.0,exafel_f022,10.000007629394531,66.05504119852428,4,15,1,0.05289600167177487,9.999221801757812,1215,66.07708579352223,ok,spline/cr-first/cr,11589.408203125
pfpl,1,10.0,66.2261759187916,1,175.9313725490196,1505531,6.102723889444986,EXAFEL,148.84396060134785,50.0,10.0,exafel_f022,10.0,66.2260733178471,4,15,1,0.05289600167177487,9.994632720947266,1215,66.03641317200135,ok,,11589.408203125
cuszp3,1,10.0,66.2261759187916,1,137.44375,1547040,5.938980246147482,EXAFEL,136.26958,50.0,10.0,exafel_f022,10.0,66.2260733178471,4,15,1,0.05289600167177487,9.994632720947266,1215,66.03641317200135,ok,,11589.408203125
roibin_b1,1,50.0,54.947975447996726,1,81.823883,1078768,8.516974919537843,EXAFEL,91.265099,50.0,10.0,exafel_f023,50.0,54.9625968792634,4,100,1,0.3502890777375313,9.999755859375,8046,68.87416783915764,ok,,16138.5537109375
roibin_b2,n/a,3821.1376953125,44.35081288584546,2,115.1243,249904,36.765477943530314,EXAFEL,101.92403,50.0,10.0,exafel_f023,3821.1376953125,44.36599857791525,4,100,1,0.3502890777375313,9.999755859375,8046,68.87416783915764,ok,,16138.5537109375
cuszhi,1,10.0,68.93289736936825,1,26.175697601041577,1433952,6.407355336859253,EXAFEL,28.02127555750744,50.0,10.0,exafel_f023,10.0,68.93301450456167,4,100,1,0.3502890777375313,9.99853515625,8046,68.9664658969092,ok,spline/cr-first/cr,16138.5537109375
pfpl,1,10.0,68.96161570897185,1,178.11414392059552,1644092,5.588397729567445,EXAFEL,149.15324675324675,50.0,10.0,exafel_f023,10.0,68.96130629487936,4,100,1,0.3502890777375313,9.999755859375,8046,68.87416783915764,ok,,16138.5537109375
cuszp3,1,10.0,68.96161570897185,1,129.0427,1679232,5.471453616891531,EXAFEL,115.40193,50.0,10.0,exafel_f023,10.0,68.96130629487936,4,100,1,0.3502890777375313,9.999755859375,8046,68.87416783915764,ok,,16138.5537109375
roibin_b1,1,49.999969482421875,54.39971222813269,1,84.971888,976256,9.411301953585944,EXAFEL,90.090993,50.0,10.0,exafel_f024,49.999969482421875,54.417783731588266,4,123,1,0.4325717470047367,9.998687744140625,9936,68.37367468147079,ok,,15137.849609375
roibin_b2,n/a,2418.363037109375,46.19756361318873,2,114.20843,214608,42.81219712219489,EXAFEL,104.3314,50.0,10.0,exafel_f024,2418.363037109375,46.216276398897165,4,123,1,0.4325717470047367,9.998687744140625,9936,68.37367468147079,ok,,15137.849609375
cuszhi,1,10.000015258789062,68.37397602798512,1,26.71784671575299,1313791,6.993380225621883,EXAFEL,28.417874993814024,50.0,10.0,exafel_f024,10.000015258789062,68.37410207608006,4,123,1,0.4325717470047367,9.99969482421875,9936,68.40321303173309,ok,spline/cr-first/cr,15137.849609375
pfpl,1,9.999969482421875,68.5427903436071,1,173.95940624053316,1513382,6.071064675012654,EXAFEL,162.9511918274688,50.0,10.0,exafel_f024,9.999969482421875,68.54204443107005,4,123,1,0.4325717470047367,9.998687744140625,9936,68.37367468147079,ok,,15137.849609375
cuszp3,1,9.999969482421875,68.5427903436071,1,136.01137,1556880,5.901443913467961,EXAFEL,130.92568,50.0,10.0,exafel_f024,9.999969482421875,68.54204443107005,4,123,1,0.4325717470047367,9.998687744140625,9936,68.37367468147079,ok,,15137.849609375
roibin_b1,1,50.00001525878906,54.986437389877736,1,85.123034,1010064,9.096294888244705,EXAFEL,87.670228,50.0,10.0,exafel_f025,50.00001525878906,55.00574822675461,4,131,1,0.4619584146001672,9.99853515625,10611,69.00865285559829,ok,,16216.564453125
roibin_b2,n/a,2968.892578125,46.13920536468597,2,120.28488,224352,40.95278847525317,EXAFEL,105.36514,50.0,10.0,exafel_f025,2968.892578125,46.159210347981976,4,131,1,0.4619584146001672,9.99853515625,10611,69.00865285559829,ok,,16216.564453125
cuszhi,1,10.0,68.97089538286673,1,26.514449299034403,1355420,6.778592613359697,EXAFEL,28.115942028985508,50.0,10.0,exafel_f025,10.0,68.97087366384577,4,131,1,0.4619584146001672,9.998741149902344,10611,68.96619640414646,ok,spline/cr-first/cr,16216.564453125
pfpl,1,9.999996185302734,69.08263364845985,1,178.0589147286822,1551522,5.921823860699365,EXAFEL,161.0771388499299,50.0,10.0,exafel_f025,9.999996185302734,69.08228897414544,4,131,1,0.4619584146001672,9.99853515625,10611,69.00865285559829,ok,,16216.564453125
cuszp3,1,9.999996185302734,69.08263364845985,1,135.3701,1596000,5.756791979949875,EXAFEL,134.48244,50.0,10.0,exafel_f025,9.999996185302734,69.08228897414544,4,131,1,0.4619584146001672,9.99853515625,10611,69.00865285559829,ok,,16216.564453125
roibin_b1,1,49.99996566772461,54.9523944575691,1,86.37786,1089728,8.431314970341223,EXAFEL,87.884911,50.0,10.0,exafel_f026,49.99996566772461,54.97327449157555,4,142,1,0.49957334912231816,9.999542236328125,11475,68.93967686946873,ok,,16151.7509765625
roibin_b2,n/a,7275.365234375,44.19997054194582,2,110.60093,257264,35.71366378506126,EXAFEL,102.21431,50.0,10.0,exafel_f026,7275.365234375,44.221647899856436,4,142,1,0.49957334912231816,9.999542236328125,11475,68.93967686946873,ok,,16151.7509765625
cuszhi,1,10.0,68.93989741348429,1,26.159674165733026,1447633,6.346801986415065,EXAFEL,28.008974734172277,50.0,10.0,exafel_f026,10.0,68.93988739468715,4,142,1,0.49957334912231816,9.9991455078125,11475,68.93789240336991,ok,spline/cr-first/cr,16151.7509765625
pfpl,1,9.999969482421875,68.96953383277837,1,175.39401343921807,1652651,5.559455686651326,EXAFEL,140.02438429651303,50.0,10.0,exafel_f026,9.999969482421875,68.96938416403363,4,142,1,0.49957334912231816,9.999542236328125,11475,68.93967686946873,ok,,16151.7509765625
cuszp3,1,9.999969482421875,68.96953383277837,1,133.85548,1686880,5.446647064402922,EXAFEL,131.52542,50.0,10.0,exafel_f026,9.999969482421875,68.96938416403363,4,142,1,0.49957334912231816,9.999542236328125,11475,68.93967686946873,ok,,16151.7509765625
roibin_b1,1,49.99993896484375,53.131315329619945,1,85.503277,1078960,8.515459331207829,EXAFEL,87.509904,50.0,10.0,exafel_f027,49.99993896484375,53.13454775744401,4,22,1,0.07758080245193648,9.998779296875,1782,67.00582561906246,ok,,13100.3037109375
roibin_b2,n/a,1492.2728271484375,42.30099642219969,2,113.84615,245968,37.35380212060105,EXAFEL,101.56349,50.0,10.0,exafel_f027,1492.2728271484375,42.3043556084799,4,22,1,0.07758080245193648,9.998779296875,1782,67.00582561906246,ok,,13100.3037109375
cuszhi,1,10.0,67.11580865344843,1,26.79920662699801,1450751,6.333161238558512,EXAFEL,28.085689132348627,50.0,10.0,exafel_f027,10.0,67.11583249049372,4,22,1,0.07758080245193648,9.9920654296875,1782,67.14664321506451,ok,spline/cr-first/cr,13100.3037109375
pfpl,1,10.0,67.14535934766177,1,176.79802955665025,1656929,5.545101811845891,EXAFEL,138.77235379410342,50.0,10.0,exafel_f027,10.0,67.14524933989908,4,22,1,0.07758080245193648,9.998779296875,1782,67.00582561906246,ok,,13100.3037109375
cuszp3,1,10.0,67.14535934766177,1,135.68998,1689296,5.438857370170769,EXAFEL,132.55771,50.0,10.0,exafel_f027,10.0,67.14524933989908,4,22,1,0.07758080245193648,9.998779296875,1782,67.00582561906246,ok,,13100.3037109375
roibin_b1,1,49.99995422363281,54.97783745247979,1,84.323052,1099216,8.358539177013435,EXAFEL,90.832013,50.0,10.0,exafel_f028,49.99995422363281,55.015688326204476,4,257,1,0.9039338952354417,9.999755859375,20763,68.95544363384964,ok,,16204.5419921875
roibin_b2,n/a,7081.3935546875,44.34881468019124,2,120.48678,267712,34.31986612479082,EXAFEL,103.61603,50.0,10.0,exafel_f028,7081.3935546875,44.38811338756063,4,257,1,0.9039338952354417,9.999755859375,20763,68.95544363384964,ok,,16204.5419921875
cuszhi,1,10.0,68.96623083700251,1,26.066421166711113,1444158,6.3620739558967925,EXAFEL,27.524325360686383,50.0,10.0,exafel_f028,10.0,68.96597449805384,4,257,1,0.9039338952354417,9.998977661132812,20763,68.93796403755377,ok,spline/cr-first/cr,16204.5419921875
pfpl,1,9.999961853027344,69.00666743234639,1,175.87748851454825,1647806,5.575802005818646,EXAFEL,161.12233445566778,50.0,10.0,exafel_f028,9.999961853027344,69.00620168662721,4,257,1,0.9039338952354417,9.999755859375,20763,68.95544363384964,ok,,16204.5419921875
cuszp3,1,9.999961853027344,69.00666743234639,1,131.4652,1684768,5.453474899808164,EXAFEL,117.52763,50.0,10.0,exafel_f028,9.999961853027344,69.00620168662721,4,257,1,0.9039338952354417,9.999755859375,20763,68.95544363384964,ok,,16204.5419921875
roibin_b1,1,49.99998092651367,49.633049722312265,1,86.717002,936976,9.80584347944878,EXAFEL,87.323604,50.0,10.0,exafel_f029,49.99998092651367,49.63938761695148,4,43,1,0.1516352047924213,9.994186401367188,3483,63.80211409620276,ok,,8714.20703125
roibin_b2,n/a,3523.81396484375,41.96117767015616,2,117.19184,198752,46.227660602157464,EXAFEL,105.67538,50.0,10.0,exafel_f029,3523.81396484375,41.96772493482182,4,43,1,0.1516352047924213,9.994186401367188,3483,63.80211409620276,ok,,8714.20703125
cuszhi,1,9.999988555908203,63.57139416164415,1,27.452734489965742,1277156,7.193984133496612,EXAFEL,29.29198122832075,50.0,10.0,exafel_f029,9.999988555908203,63.571345661625564,4,43,1,0.1516352047924213,9.998672485351562,3483,63.53952651951401,ok,spline/cr-first/cr,8714.20703125
pfpl,1,9.999980926513672,63.79928877427024,1,174.75349969567864,1479075,6.211882426516573,EXAFEL,160.71648474671144,50.0,10.0,exafel_f029,9.999980926513672,63.7992930570618,4,43,1,0.1516352047924213,9.994186401367188,3483,63.80211409620276,ok,,8714.20703125
cuszp3,1,9.999980926513672,63.79928877427024,1,135.24257,1518432,6.050873532696888,EXAFEL,137.18107,50.0,10.0,exafel_f029,9.999980926513672,63.7992930570618,4,43,1,0.1516352047924213,9.994186401367188,3483,63.80211409620276,ok,,8714.20703125
roibin_b1,1,50.00001525878906,51.81159404624805,1,86.664652,1114880,8.24110218140069,EXAFEL,89.195401,50.0,10.0,exafel_f030,50.00001525878906,51.81376765078245,4,15,1,0.05211235720256339,9.992050170898438,1197,65.80917610542326,ok,,11235.361328125
roibin_b2,n/a,2424.761962890625,40.15169858505953,2,121.50656,260208,35.3095984750661,EXAFEL,101.63539,50.0,10.0,exafel_f030,2424.761962890625,40.15395623123812,4,15,1,0.05211235720256339,9.992050170898438,1197,65.80917610542326,ok,,11235.361328125
cuszhi,1,10.0,65.78499605684674,1,26.259411953842307,1485056,6.186864333735563,EXAFEL,26.962156070992584,50.0,10.0,exafel_f030,10.0,65.78498586983149,4,15,1,0.05211235720256339,9.995651245117188,1197,65.76549172103293,ok,spline/cr-first/cr,11235.361328125
pfpl,1,10.0,65.791347009417,1,175.0731707317073,1696467,5.415867211092229,EXAFEL,160.98682366134005,50.0,10.0,exafel_f030,10.0,65.79135628154366,4,15,1,0.05211235720256339,9.992050170898438,1197,65.80917610542326,ok,,11235.361328125
cuszp3,1,10.0,65.791347009417,1,134.48244,1734368,5.297514714293622,EXAFEL,132.25242,50.0,10.0,exafel_f030,10.0,65.79135628154366,4,15,1,0.05211235720256339,9.992050170898438,1197,65.80917610542326,ok,,11235.361328125
roibin_b1,1,49.999969482421875,55.00579761890361,1,86.717002,969536,9.476533104495346,EXAFEL,86.821892,50.0,10.0,exafel_f031,49.999969482421875,55.023183485388145,4,118,1,0.4161152131512956,9.99859619140625,9558,68.99918881501328,ok,,16220.8984375
roibin_b2,n/a,7854.01953125,46.827022409748125,2,119.13693,212688,43.198675994884525,EXAFEL,103.35493,50.0,10.0,exafel_f031,7854.01953125,46.845021718769765,4,118,1,0.4161152131512956,9.99859619140625,9558,68.99918881501328,ok,,16220.8984375
cuszhi,1,10.0,68.97449671453194,1,26.597113867620028,1311931,7.003295142808578,EXAFEL,28.840339510823167,50.0,10.0,exafel_f031,10.0,68.97464423238605,4,118,1,0.4161152131512956,9.9998779296875,9558,69.01009279705887,ok,spline/cr-first/cr,16220.8984375
pfpl,1,10.0,69.1517705820482,1,169.44231336677487,1506234,6.099875583740641,EXAFEL,159.91088833194095,50.0,10.0,exafel_f031,10.0,69.15112442907017,4,118,1,0.4161152131512956,9.99859619140625,9558,68.99918881501328,ok,,16220.8984375
cuszp3,1,10.0,69.1517705820482,1,136.07583,1548832,5.932108840726431,EXAFEL,133.85548,50.0,10.0,exafel_f031,10.0,69.15112442907017,4,118,1,0.4161152131512956,9.99859619140625,9558,68.99918881501328,ok,,16220.8984375
roibin_b1,1,49.99993896484375,48.98605216433526,1,86.769415,989744,9.283046929306972,EXAFEL,87.164543,50.0,10.0,exafel_f032,49.99993896484375,48.9887028262419,4,18,1,0.06347520200612984,9.98187255859375,1458,63.10260452035798,ok,,8131.31982421875
roibin_b2,n/a,3266.93359375,40.293377822279666,2,111.41637,210016,43.74828584488801,EXAFEL,100.63792,50.0,10.0,exafel_f032,3266.93359375,40.29612094478281,4,18,1,0.06347520200612984,9.98187255859375,1458,63.10260452035798,ok,,8131.31982421875
cuszhi,1,10.0,62.97419843562575,1,27.662177154822675,1344839,6.831925605964729,EXAFEL,28.745056815337637,50.0,10.0,exafel_f032,10.0,62.974297695786575,4,18,1,0.06347520200612984,9.994232177734375,1458,63.13345764171643,ok,spline/cr-first/cr,8131.31982421875
pfpl,1,9.999954223632812,63.1014164198001,1,176.41781874039938,1540673,5.9635237328102715,EXAFEL,161.0771388499299,50.0,10.0,exafel_f032,9.999954223632812,63.10141717384626,4,18,1,0.06347520200612984,9.98187255859375,1458,63.10260452035798,ok,,8131.31982421875
cuszp3,1,9.999954223632812,63.1014164198001,1,135.05175,1583728,5.801400240445329,EXAFEL,131.76686,50.0,10.0,exafel_f032,9.999954223632812,63.10141717384626,4,18,1,0.06347520200612984,9.98187255859375,1458,63.10260452035798,ok,,8131.31982421875
roibin_b1,1,49.99999237060547,54.819597816047704,1,88.046614,1007552,9.118973512037096,EXAFEL,90.574135,50.0,10.0,exafel_f033,49.99999237060547,54.82394778643065,4,30,1,0.10413764279743662,9.99749755859375,2392,68.94691772768078,ok,,15917.3056640625
roibin_b2,n/a,2320.897216796875,45.786312239919205,2,116.00808,216592,42.42003398094113,EXAFEL,103.31774,50.0,10.0,exafel_f033,2320.897216796875,45.79081537012029,4,30,1,0.10413764279743662,9.99749755859375,2392,68.94691772768078,ok,,15917.3056640625
cuszhi,1,10.0,68.8107258267888,1,26.624706233500532,1364705,6.732473318409473,EXAFEL,29.019607843137255,50.0,10.0,exafel_f033,10.0,68.81079618953396,4,30,1,0.10413764279743662,9.993293762207031,2392,68.87882344867577,ok,spline/cr-first/cr,15917.3056640625
pfpl,1,9.999992370605469,68.91661233225283,1,175.9313725490196,1561612,5.883561345583923,EXAFEL,135.85048497752544,50.0,10.0,exafel_f033,9.999992370605469,68.91664378183513,4,30,1,0.10413764279743662,9.99749755859375,2392,68.94691772768078,ok,,15917.3056640625
cuszp3,1,9.999992370605469,68.91661233225283,1,137.64142,1603568,5.729622940841923,EXAFEL,134.54546,50.0,10.0,exafel_f033,9.999992370605469,68.91664378183513,4,30,1,0.10413764279743662,9.99749755859375,2392,68.94691772768078,ok,,15917.3056640625
roibin_b1,1,50.0,53.016429879017544,1,86.743201,1059680,8.670391061452515,EXAFEL,93.738164,50.0,10.0,exafel_f034,50.0,53.02187789351152,4,37,1,0.13047680412371132,9.9981689453125,2997,67.08731255073215,ok,,12939.3798828125
roibin_b2,n/a,3429.94775390625,42.7357073125972,2,117.81699,238000,38.60436974789916,EXAFEL,104.48326,50.0,10.0,exafel_f034,3429.94775390625,42.74135671655627,4,37,1,0.13047680412371132,9.9981689453125,2997,67.08731255073215,ok,,12939.3798828125
cuszhi,1,10.0,67.01287631407978,1,27.135551647196245,1424331,6.450635421120512,EXAFEL,27.931319616712877,50.0,10.0,exafel_f034,10.0,67.01283978296024,4,37,1,0.13047680412371132,9.994369506835938,2997,66.98496788899084,ok,spline/cr-first/cr,12939.3798828125
pfpl,1,10.0,67.05365235265464,1,176.68923076923076,1627974,5.6437264968605145,EXAFEL,161.0771388499299,50.0,10.0,exafel_f034,10.0,67.05369610186739,4,37,1,0.13047680412371132,9.9981689453125,2997,67.08731255073215,ok,,12939.3798828125
cuszp3,1,10.0,67.05365235265464,1,134.23095,1663200,5.524194324194324,EXAFEL,134.98825,50.0,10.0,exafel_f034,10.0,67.05369610186739,4,37,1,0.13047680412371132,9.9981689453125,2997,67.08731255073215,ok,,12939.3798828125
roibin_b1,1,49.999969482421875,54.879750003424064,1,87.589993,1042800,8.810740314537783,EXAFEL,87.297053,50.0,10.0,exafel_f035,49.999969482421875,54.90047145965995,4,141,1,0.49578573418779603,9.999462127685547,11388,68.86756856170939,ok,,16026.3681640625
roibin_b2,n/a,2883.11376953125,45.30389242436678,2,111.54623,235808,38.963224318089296,EXAFEL,101.02745,50.0,10.0,exafel_f035,2883.11376953125,45.32538242796047,4,141,1,0.49578573418779603,9.999462127685547,11388,68.86756856170939,ok,,16026.3681640625
cuszhi,1,10.0,68.86491929099095,1,26.73860722839673,1392071,6.600123125903779,EXAFEL,28.648972261025744,50.0,10.0,exafel_f035,10.0,68.86461115675823,4,141,1,0.49578573418779603,9.998954772949219,11388,68.80320694459849,ok,spline/cr-first/cr,16026.3681640625
pfpl,1,9.999984741210938,68.94452023561732,1,175.87748851454825,1592211,5.770491473805921,EXAFEL,161.5756893640968,50.0,10.0,exafel_f035,9.999984741210938,68.94413533720706,4,141,1,0.49578573418779603,9.999462127685547,11388,68.86756856170939,ok,,16026.3681640625
cuszp3,1,9.999984741210938,68.94452023561732,1,133.3581,1632080,5.629527964315475,EXAFEL,131.94853,50.0,10.0,exafel_f035,9.999984741210938,68.94413533720706,4,141,1,0.49578573418779603,9.999462127685547,11388,68.86756856170939,ok,,16026.3681640625
roibin_b1,1,49.999969482421875,54.983696773903645,1,86.351881,1072000,8.570746268656716,EXAFEL,88.45348,50.0,10.0,exafel_f036,49.999969482421875,54.99071079509984,4,48,1,0.16809173864586235,9.9979248046875,3861,68.9665798671315,ok,,16220.5302734375
roibin_b2,n/a,10156.2421875,44.38518751511715,2,120.38574,244560,37.56885835786719,EXAFEL,102.87352,50.0,10.0,exafel_f036,10156.2421875,44.39246832525658,4,48,1,0.16809173864586235,9.9979248046875,3861,68.9665798671315,ok,,16220.5302734375
cuszhi,1,10.0,68.97057278876298,1,26.495334110020423,1432984,6.411683591721889,EXAFEL,27.86220281416788,50.0,10.0,exafel_f036,10.0,68.97052681675672,4,48,1,0.16809173864586235,9.997222900390625,3861,68.94330904532245,ok,spline/cr-first/cr,16220.5302734375
pfpl,1,9.999984741210938,69.01170208849437,1,176.20128873887697,1642281,5.594560248824653,EXAFEL,158.93717132576805,50.0,10.0,exafel_f036,9.999984741210938,69.01162584705384,4,48,1,0.16809173864586235,9.9979248046875,3861,68.9665798671315,ok,,16220.5302734375
cuszp3,1,9.999984741210938,69.01170208849437,1,133.85548,1675856,5.482475821311616,EXAFEL,132.19153,50.0,10.0,exafel_f036,9.999984741210938,69.01162584705384,4,48,1,0.16809173864586235,9.9979248046875,3861,68.9665798671315,ok,,16220.5302734375
roibin_b1,1,50.0,55.0702445177066,1,87.350164,1094304,8.396058133754423,EXAFEL,87.164543,50.0,10.0,exafel_f037,50.0,55.11083029671188,4,275,1,0.9685845639453887,9.999267578125,22248,69.08654898007933,ok,,16374.4609375
roibin_b2,n/a,7335.3701171875,44.51731692388382,2,110.38831,268672,34.19723677941877,EXAFEL,101.96023,50.0,10.0,exafel_f037,7335.3701171875,44.55943873377739,4,275,1,0.9685845639453887,9.999267578125,22248,69.08654898007933,ok,,16374.4609375
cuszhi,1,10.0,69.05708555853387,1,26.336640758581844,1432110,6.415596567302791,EXAFEL,27.29277566539924,50.0,10.0,exafel_f037,10.0,69.05700301285606,4,275,1,0.9685845639453887,9.999908447265625,22248,69.04857152903057,ok,spline/cr-first/cr,16374.4609375
pfpl,1,10.0,69.09608977370155,1,162.67422096317281,1641183,5.5983031752095895,EXAFEL,162.44413012729845,50.0,10.0,exafel_f037,10.0,69.09599726245207,4,275,1,0.9685845639453887,9.999267578125,22248,69.08654898007933,ok,,16374.4609375
cuszp3,1,10.0,69.09608977370155,1,135.43396,1674992,5.485303810406259,EXAFEL,130.33137,50.0,10.0,exafel_f037,10.0,69.09599726245207,4,275,1,0.9685845639453887,9.999267578125,22248,69.08654898007933,ok,,16374.4609375
roibin_b1,1,49.99987030029297,54.80840448155119,1,85.733057,938416,9.790796405858382,EXAFEL,88.100647,50.0,10.0,exafel_f038,49.99987030029297,54.81161000990988,4,22,1,0.07688422959041516,9.995559692382812,1766,68.75113722868687,ok,,15826.498046875
roibin_b2,n/a,1358.64111328125,47.11195889686908,2,116.1019,197120,46.61038961038961,EXAFEL,106.41957,50.0,10.0,exafel_f038,1358.64111328125,47.115276310181585,4,22,1,0.07688422959041516,9.995559692382812,1766,68.75113722868687,ok,,15826.498046875
cuszhi,1,10.0,68.76016495403749,1,27.103492423102672,1286323,7.142716098522689,EXAFEL,29.199633885894436,50.0,10.0,exafel_f038,10.0,68.76008181222483,4,22,1,0.07688422959041516,9.99993896484375,1766,68.65334936174855,ok,spline/cr-first/cr,15826.498046875
pfpl,1,10.0,68.97399022704252,1,176.36363636363637,1481946,6.199848037647795,EXAFEL,155.95871808799566,50.0,10.0,exafel_f038,10.0,68.97381441960064,4,22,1,0.07688422959041516,9.995559692382812,1766,68.75113722868687,ok,,15826.498046875
cuszp3,1,10.0,68.97399022704252,1,135.24257,1523008,6.032693196621423,EXAFEL,133.04913,50.0,10.0,exafel_f038,10.0,68.97381441960064,4,22,1,0.07688422959041516,9.995559692382812,1766,68.75113722868687,ok,,15826.498046875
roibin_b1,1,49.99999237060547,48.73556385041492,1,87.456592,985600,9.322077922077922,EXAFEL,90.659933,50.0,10.0,exafel_f039,49.99999237060547,48.73939338820847,4,26,1,0.0916864028977431,9.999725341796875,2106,62.86012102244751,ok,,7893.443359375
roibin_b2,n/a,1535.30126953125,40.13414071278761,2,111.50291,209744,43.80501945228469,EXAFEL,100.49702,50.0,10.0,exafel_f039,1535.30126953125,40.13810315328584,4,26,1,0.0916864028977431,9.999725341796875,2106,62.86012102244751,ok,,7893.443359375
cuszhi,1,9.999984741210938,62.71618779490571,1,27.553793510890657,1339861,6.857308332730037,EXAFEL,28.388372552896975,50.0,10.0,exafel_f039,9.999984741210938,62.71623446227711,4,26,1,0.0916864028977431,9.996654510498047,2106,62.76738703540203,ok,spline/cr-first/cr,7893.443359375
pfpl,1,10.0,62.8482813962547,1,160.17852161785217,1536382,5.980179408506478,EXAFEL,161.94021432600113,50.0,10.0,exafel_f039,10.0,62.84829223681228,4,26,1,0.0916864028977431,9.999725341796875,2106,62.86012102244751,ok,,7893.443359375
cuszp3,1,10.0,62.8482813962547,1,135.94697,1579184,5.818093395069859,EXAFEL,125.48951,50.0,10.0,exafel_f039,10.0,62.84829223681228,4,26,1,0.0916864028977431,9.999725341796875,2106,62.86012102244751,ok,,7893.443359375
